title,price,star_rating,availability,category,price_gbp,rating,in_stock
It's Only the Himalayas,Â£45.17,Two,In stock,Travel,45.17,2,True
Full Moon over Noahâs Ark: An Odyssey to Mount Ararat and Beyond,Â£49.43,Four,In stock,Travel,49.43,4,True
See America: A Celebration of Our National Parks & Treasured Sites,Â£48.87,Three,In stock,Travel,48.87,3,True
Vagabonding: An Uncommon Guide to the Art of Long-Term World Travel,Â£36.94,Two,In stock,Travel,36.94,2,True
Under the Tuscan Sun,Â£37.33,Three,In stock,Travel,37.33,3,True
A Summer In Europe,Â£44.34,Two,In stock,Travel,44.34,2,True
The Great Railway Bazaar,Â£30.54,One,In stock,Travel,30.54,1,True
A Year in Provence (Provence #1),Â£56.88,Four,In stock,Travel,56.88,4,True
The Road to Little Dribbling: Adventures of an American in Britain (Notes From a Small Island #2),Â£23.21,One,In stock,Travel,23.21,1,True
Neither Here nor There: Travels in Europe,Â£38.95,Three,In stock,Travel,38.95,3,True
"1,000 Places to See Before You Die",Â£26.08,Five,In stock,Travel,26.08,5,True
Sharp Objects,Â£47.82,Four,In stock,Mystery,47.82,4,True
"In a Dark, Dark Wood",Â£19.63,One,In stock,Mystery,19.63,1,True
The Past Never Ends,Â£56.50,Four,In stock,Mystery,56.5,4,True
A Murder in Time,Â£16.64,One,In stock,Mystery,16.64,1,True
The Murder of Roger Ackroyd (Hercule Poirot #4),Â£44.10,Four,In stock,Mystery,44.1,4,True
The Last Mile (Amos Decker #2),Â£54.21,Two,In stock,Mystery,54.21,2,True
That Darkness (Gardiner and Renner #1),Â£13.92,One,In stock,Mystery,13.92,1,True
Tastes Like Fear (DI Marnie Rome #3),Â£10.69,One,In stock,Mystery,10.69,1,True
A Time of Torment (Charlie Parker #14),Â£48.35,Five,In stock,Mystery,48.35,5,True
A Study in Scarlet (Sherlock Holmes #1),Â£16.73,Two,In stock,Mystery,16.73,2,True
Poisonous (Max Revere Novels #3),Â£26.80,Three,In stock,Mystery,26.8,3,True
Murder at the 42nd Street Library (Raymond Ambler #1),Â£54.36,Four,In stock,Mystery,54.36,4,True
Most Wanted,Â£35.28,Three,In stock,Mystery,35.28,3,True
Hide Away (Eve Duncan #20),Â£11.84,One,In stock,Mystery,11.84,1,True
Boar Island (Anna Pigeon #19),Â£59.48,Three,In stock,Mystery,59.48,3,True
The Widow,Â£27.26,Two,In stock,Mystery,27.26,2,True
Playing with Fire,Â£13.71,Three,In stock,Mystery,13.71,3,True
What Happened on Beale Street (Secrets of the South Mysteries #2),Â£25.37,Five,In stock,Mystery,25.37,5,True
The Bachelor Girl's Guide to Murder (Herringford and Watts Mysteries #1),Â£52.30,Five,In stock,Mystery,52.3,5,True
Delivering the Truth (Quaker Midwife Mystery #1),Â£20.89,Four,In stock,Mystery,20.89,4,True
The Mysterious Affair at Styles (Hercule Poirot #1),Â£24.80,Four,In stock,Mystery,24.8,4,True
In the Woods (Dublin Murder Squad #1),Â£38.38,Two,In stock,Mystery,38.38,2,True
The Silkworm (Cormoran Strike #2),Â£23.05,Five,In stock,Mystery,23.05,5,True
The Exiled,Â£43.45,Three,In stock,Mystery,43.45,3,True
The Cuckoo's Calling (Cormoran Strike #1),Â£19.21,One,In stock,Mystery,19.21,1,True
Extreme Prey (Lucas Davenport #26),Â£25.40,Three,In stock,Mystery,25.4,3,True
Career of Evil (Cormoran Strike #3),Â£24.72,Two,In stock,Mystery,24.72,2,True
The No. 1 Ladies' Detective Agency (No. 1 Ladies' Detective Agency #1),Â£57.70,Four,In stock,Mystery,57.7,4,True
The Girl You Lost,Â£12.29,Five,In stock,Mystery,12.29,5,True
The Girl In The Ice (DCI Erika Foster #1),Â£15.85,Three,In stock,Mystery,15.85,3,True
Blood Defense (Samantha Brinkman #1),Â£20.30,Three,In stock,Mystery,20.3,3,True
1st to Die (Women's Murder Club #1),Â£53.98,One,In stock,Mystery,53.98,1,True
Tipping the Velvet,Â£53.74,One,In stock,Historical Fiction,53.74,1,True
Forever and Forever: The Courtship of Henry Longfellow and Fanny Appleton,Â£29.69,Three,In stock,Historical Fiction,29.69,3,True
A Flight of Arrows (The Pathfinders #2),Â£55.53,Five,In stock,Historical Fiction,55.53,5,True
The House by the Lake,Â£36.95,One,In stock,Historical Fiction,36.95,1,True
Mrs. Houdini,Â£30.25,Five,In stock,Historical Fiction,30.25,5,True
The Marriage of Opposites,Â£28.08,Four,In stock,Historical Fiction,28.08,4,True
Glory over Everything: Beyond The Kitchen House,Â£45.84,Three,In stock,Historical Fiction,45.84,3,True
"Love, Lies and Spies",Â£20.55,Two,In stock,Historical Fiction,20.55,2,True
A Paris Apartment,Â£39.01,Four,In stock,Historical Fiction,39.01,4,True
Lilac Girls,Â£17.28,Two,In stock,Historical Fiction,17.28,2,True
The Constant Princess (The Tudor Court #1),Â£16.62,Three,In stock,Historical Fiction,16.62,3,True
The Invention of Wings,Â£37.34,One,In stock,Historical Fiction,37.34,1,True
World Without End (The Pillars of the Earth #2),Â£32.97,Four,In stock,Historical Fiction,32.97,4,True
The Passion of Dolssa,Â£28.32,Five,In stock,Historical Fiction,28.32,5,True
Girl With a Pearl Earring,Â£26.77,One,In stock,Historical Fiction,26.77,1,True
Voyager (Outlander #3),Â£21.07,Five,In stock,Historical Fiction,21.07,5,True
The Red Tent,Â£35.66,Five,In stock,Historical Fiction,35.66,5,True
The Last Painting of Sara de Vos,Â£55.55,Two,In stock,Historical Fiction,55.55,2,True
The Guernsey Literary and Potato Peel Pie Society,Â£49.53,One,In stock,Historical Fiction,49.53,1,True
Girl in the Blue Coat,Â£46.83,Two,In stock,Historical Fiction,46.83,2,True
Between Shades of Gray,Â£20.79,Five,In stock,Historical Fiction,20.79,5,True
While You Were Mine,Â£41.32,Five,In stock,Historical Fiction,41.32,5,True
The Secret Healer,Â£34.56,Three,In stock,Historical Fiction,34.56,3,True
Starlark,Â£25.83,Three,In stock,Historical Fiction,25.83,3,True
Lost Among the Living,Â£27.70,Four,In stock,Historical Fiction,27.7,4,True
A Spy's Devotion (The Regency Spies of London #1),Â£16.97,Five,In stock,Historical Fiction,16.97,5,True
